"","old","NPS","PS","year","displayauth","title"
"1","10.2307_2024717",184,23,1971,"Harry G. Frankfurt","Freedom of the Will and the Concept of a Person"
"2","10.2307_2024924",92,8,1974,"Michael Friedman","Explanation and Scientific Understanding"
"3","10.2307_2025075",106,10,1973,"Paul Benacerraf","Mathematical Truth"
"4","10.2307_2025079",52,4,1973,"Hilary Putnam","Meaning and Reference"
"5","10.2307_2025107",45,5,1973,"Tyler Burge","Reference and Proper Names"
"6","10.2307_2025161",54,2,1974,"Isaac Levi","On Indeterminate Probabilities"
"7","10.2307_2025310",170,18,1973,"David Lewis","Causation"
"8","WOS:000070778500002",69,1,1997,"Derek Parfit","Equality and Priority"
"9","WOS:000072502200001",60,7,1998,"Earl Conee and Richard Feldman","The Generality Problem for Reliabilism"
"10","WOS:000072823100011",52,11,1998,"Alexander Bird","Dispositions and Antidotes"
"11","WOS:000073222300002",234,9,1998,"Andy Clark and David J. Chalmers","The Extended Mind"
"12","WOS:000073255600004",42,11,1998,"Sydney Shoemaker","Causal and Metaphysical Necessity"
"13","WOS:000073836400005",51,3,1998,"Rae Langton and David Lewis","Defining 'Intrinsic'"
"14","WOS:000075762200001",56,8,1998,"Nathan Salmon","Nonexistence"
"15","WOS:000076086400005",71,4,1998,"James Ladyman","What is Structural Realism?"
"16","WOS:000077322700001",42,13,1998,"Ned Markosian","Brutal Composition"
"17","WOS:000077956100002",124,8,1998,"James M. Joyce","A Nonpragmatic Vindication of Probabilism"
"18","WOS:000078432400003",180,6,1999,"Elizabeth S. Anderson","What is the Point of Equality?"
"19","WOS:000078432400004",60,3,1999,"J. David Velleman","Love as a Moral Emotion"
"20","WOS:000080550400001",56,3,1999,"William Bechtal and Jennifer Mundale","Multiple Realizability Revisited: Linking Cognitive and Neural States"
"21","WOS:000082592000002",62,5,1999,"Jaegwon Kim","Making Sense of Emergence"
"22","WOS:000082596900001",47,4,1999,"John Hyman","How Knowledge Works"
"23","WOS:000083295800029",54,4,1999,"Brandon Fitelson","The Plurality of Bayesian Measures of Confirmation and the Problem of Measure Sensitivity"
"24","WOS:000084073700005",88,19,1999,"John Broome","Normative Requirements"
"25","WOS:000084347100001",59,12,1999,"Ned Block and Robert C. Stalnaker","Conceptual Analysis, Dualism, and the Explanatory Gap"
"26","WOS:000085004900001",58,2,2000,"Tamar Szabò Gendler","The Puzzle of Imaginative Resistance"
"27","WOS:000085841900002",58,7,2000,"Sally Haslanger","Gender and Race: (What) Are They? (What) Do We Want Them To Be?"
"28","WOS:000086383700001",67,7,2000,"Adam Elga","Self-Locating Belief and the 'Sleeping Beauty' Problem"
"29","WOS:000087151200013",47,10,2000,"Richard Feldman","The Ethics of Belief"
"30","WOS:000087305900001",272,8,2000,"Peter Machamer, Lindley Darden, and Carl F. Craver","Thinking About Mechanisms"
"31","WOS:000087998300003",91,5,2000,"Justin D'Arms and Dan Jacobson","The Moralistic Fallacy: On the 'Appropriateness' of Emotions"
"32","WOS:000088534100002",63,5,2000,"Jason Stanley","Context and Logical Form"
"33","WOS:000088616400001",69,13,2000,"Jason Stanley and Zoltán Gendler Szabó","On Quantifier Domain Restriction"
"34","WOS:000089124200002",90,10,2000,"David Lewis","Causation as Influence"
"35","WOS:000089440300003",48,5,2000,"Justin D'Arms and Dan Jacobson","Sentiment and Value"
"36","WOS:000165091000002",39,16,2000,"Jonathan Vogel","Reliabilism Leveled (Epistemic Justification and the Theory of Knowledge)"
"37","WOS:000165361800002",177,47,2000,"James Pryor","The Skeptic and the Dogmatist"
"38","WOS:000165795100001",53,3,2000,"Lawrence A. Shapiro","Multiple Realizations"
"39","WOS:000166575500001",68,1,2000,"Heather Douglas","Inductive Risk and Values in Science"
"40","WOS:000167688000003",56,4,2001,"Fred Adams and Ken Aizawa","The Bounds of Cognition"
"41","WOS:000169156400001",53,12,2001,"Christopher Hitchcock","The Intransitivity of Causation Revealed in Equations and Graphs"
"42","WOS:000169238500001",65,7,2000,"Richard Kimberly Heck","Nonconceptual Content and the 'Space of Reasons'"
"43","WOS:000170277300002",134,16,2001,"Jason Stanley and Timothy Williamson","Knowing How"
"44","WOS:000170434600004",64,3,2001,"Alvin I. Goldman","Experts: Which Ones Should You Trust?"
"45","WOS:000171488600002",68,20,2001,"Alex Byrne","Intentionalism Defended"
"46","WOS:000172282100001",57,7,2001,"Patrick Rysiew","The Context-Sensitivity of Knowledge Attributions"
"47","WOS:000172282100006",52,9,2001,"David Lewis","Truthmaking and Difference-Making"
"48","WOS:000173660000001",51,0,2002,"Mohan Matthen and André Ariew","Two Ways of Thinking About Fitness and Natural Selection"
"49","WOS:000174282400008",47,8,2002,"Michael Tye","Representationalism and the Transparency of Experience"
"50","WOS:000174798400001",75,12,2001,"David J. Chalmers and Frank Jackson","Conceptual Analysis and Reductive Explanation"
"51","WOS:000175194800009",50,3,2002,"Christian List and Philip Pettit","Aggregating Sets of Judgments: An Impossibility Result"
"52","WOS:000175368800004",51,11,2002,"Eric Schwitzgebel","A Phenomenal, Dispositional Account of Belief"
"53","WOS:000177540500001",79,9,2002,"Ruth Chang","The Possibility of Parity"
"54","WOS:000177599500002",56,1,2001,"Michael Blake","Distributive Justice, State Coercion, and Autonomy"
"55","WOS:000177781700002",96,18,2002,"Michael G. F. Martin","The Transparency of Experience"
"56","WOS:000178572000004",51,1,2002,"Denis M. Walsh, Tim Lewens, and André Ariew","The Trials of Life: Natural Selection and Random Drift"
"57","WOS:000178597300004",78,31,2002,"Stewart Cohen","Basic Knowledge and the Problem of Easy Knowledge"
"58","WOS:000178597300005",63,8,2002,"Crispin Wright","(Anti-)Sceptics Simple and Subtle: G.E. Moore and John McDowell"
"59","WOS:000178763700030",88,0,2002,"Stuart Glennan","Rethinking Mechanistic Explanation"
"60","WOS:000179607800011",82,9,2002,"Robert C. Stalnaker","Common Ground"
"61","WOS:000180834900001",59,2,2003,"Samuel Scheffler","What is Egalitarianism?"
"62","WOS:000180855800001",53,3,2003,"James Woodward and Christopher Hitchcock","Explanatory Generalization, Part 1, a Counterfactual Account"
"63","WOS:000181094500003",103,17,2002,"Jeremy Fantl and Matthew McGrath","Evidence, Pragmatics, and Justification"
"64","WOS:000181177200001",48,3,2003,"Michael Strevens","The Role of the Priority Rule in Science"
"65","WOS:000182357000001",46,10,2003,"Kit Fine","The Non-Identity of a Material Thing and Its Matter"
"66","WOS:000183034300004",61,9,2003,"Thomas Kelly","Epistemic Rationality as Instrumental Rationality: A Critique"
"67","WOS:000183474800004",49,2,2003,"S French and James Ladyman","Remodelling Structural Realism: Quantum Physics and the Metaphysics of Structure"
"68","WOS:000183806600005",87,12,2003,"Joshua Knobe","Intentional Action and Side Effects in Ordinary Language"
"69","WOS:000183846000001",52,8,2003,"John MacFarlane","Future Contingents and Relative Truth"
"70","WOS:000184542900004",58,4,2003,"Karen Bennett","Why the Exclusion Problem Seems Intractable, and How, Just Maybe To Tract It"
"71","WOS:000184542900005",64,5,2003,"Jonathan Schaffer","Is There a Fundamental Level?"
"72","WOS:000184740400001",103,14,2003,"Keith DeRose","Assertion, Knowledge, and Context"
"73","WOS:000184910100001",51,10,2003,"Brian Weatherson","What Good Are Counterexamples?"
"74","WOS:000186731300001",84,1,2003,"Alan Hájek","What Conditional Probability Could Not Be"
"75","WOS:000188410400001",69,15,2003,"Tyler Burge","Perceptual Entitlement"
"76","WOS:000188660700003",89,13,2004,"Charles Travis","The Silence of the Senses"
"77","WOS:000207418900002",72,9,2006,"David Enoch","Agency, Shmagency: Why Normativity Won't Come From What is Constitutive of Action"
"78","WOS:000207419100002",66,10,2006,"Igor Douven","Assertion, Knowledge, and Rational Credibility"
"79","WOS:000207419200002",46,5,2007,"Theodore Sider","Parthood"
"80","WOS:000207419300002",157,16,2007,"David Christensen","Epistemology of Disagreement: The Good News"
"81","WOS:000208774400001",64,6,2011,"David Christensen","Disagreement, Question-Begging and Epistemic Self-Criticism"
"82","WOS:000209153800006",56,2,2011,"C. S. Jenkins","Is Metaphysical Dependence Irreflexive?"
"83","WOS:000222134800001",85,15,2004,"Wlodek Rabinowicz and Toni Rønnow‐Rasmussen","The Strike of the Demon: On Fitting Pro-Attitudes and Value"
"84","WOS:000223274200001",61,11,2004,"David Pitt","The Phenomenology of Cognition, Or, What is It Like To Think That P?"
"85","WOS:000223334900003",75,13,2004,"Michael G. F. Martin","The Limits of Self-Awareness"
"86","WOS:000223334900005",54,12,2004,"Mark Johnston","The Obscure Object of Hallucination"
"87","WOS:000223394300001",61,3,2003,"Niko Kolodny","Love as Valuing a Relationship"
"88","WOS:000223963700001",67,5,2004,"Robert D. Rupert","Challenges To the Hypothesis of Extended Cognition"
"89","WOS:000224335200001",91,11,2003,"Nishi Shah","How Truth Governs Belief"
"90","WOS:000227058600002",88,17,2005,"Angela M. Smith","Responsibility for Attitudes: Activity and Passivity in Mental Life"
"91","WOS:000227146300002",41,9,2005,"Michael Fara","Dispositions and Habituals"
"92","WOS:000228214500004",47,13,2005,"Timothy Williamson","Contextualism, Subject-Sensitive Invariantism and Knowledge of Knowledge"
"93","WOS:000228600800009",62,1,2004,"Ronald N. Giere","How Models Are Used To Represent Reality"
"94","WOS:000228926500001",75,1,2005,"Alan Baker","Are There Genuine Mathematical Explanations of Physical Phenomena?"
"95","WOS:000230439400003",46,6,2005,"Michael Bergmann","Defeaters and Higher-Level Requirements"
"96","WOS:000231037900002",120,34,2005,"Niko Kolodny","Why Be Rational?"
"97","WOS:000232227000003",46,4,2005,"Alva Noë","Against Intellectualism"
"98","WOS:000234431300006",165,19,2006,"Sharon Street","A Darwinian Dilemma for Realist Theories of Value"
"99","WOS:000234618400001",76,12,2005,"Pamela Hieronymi","The Wrong Kind of Reason"
"100","WOS:000236072000004",54,11,2006,"Pamela Hieronymi","Controlling Attitudes"
"101","WOS:000236414800001",89,11,2005,"Peter Lasersohn","Context Dependence, Disagreement, and Predicates of Personal Taste"
"102","WOS:000239748800001",51,12,2006,"Bill Brewer","Perception and Content"
"103","WOS:000239761400003",63,5,2006,"Hilary Greaves and David Wallace","Justifying Conditionalization: Conditionalization Maximizes Expected Epistemic Utility"
"104","WOS:000240474600003",74,9,2005,"Matthew Weiner","Must We Know What We Say?"
"105","WOS:000240474900002",62,14,2005,"Jonathan Schaffer","Contrastive Causation"
"106","WOS:000240552100001",49,12,2006,"Nishi Shah","A New Argument for Evidentialism"
"107","WOS:000240571800003",106,15,2005,"Nishi Shah and J. David Velleman","Doxastic Deliberation"
"108","WOS:000240833900003",47,5,2006,"Stephen R. Grimm","Is Understanding a Species of Knowledge?"
"109","WOS:000241604800002",61,6,2006,"Galen Strawson","Realistic Monism: Why Physicalism Entails Panpsychism"
"110","WOS:000242288200003",79,3,2006,"Carl F. Craver","When Mechanistic Models Explain"
"111","WOS:000243445600002",67,22,2006,"Roger White","Problems for Dogmatism"
"112","WOS:000244292800007",63,4,2006,"Peter Godfrey-Smith","The Strategy of Model-Based Science"
"113","WOS:000244463400002",69,8,2007,"John MacFarlane","Relativism and Disagreement"
"114","WOS:000244463400008",61,4,2007,"Ernest Sosa","Experimental Philosophy and Philosophical Intuition"
"115","WOS:000245217400004",43,12,2007,"Thomas M. Crisp","Presentism and the Grounding Objection"
"116","WOS:000245280800001",73,14,2007,"Andy Egan","Epistemic Modals, Relativism and Assertion"
"117","WOS:000246866000002",76,22,2007,"Michael Huemer","Compassionate Phenomenal Conservatism"
"118","WOS:000247062200001",68,7,2007,"Christopher Kennedy","Vagueness and Grammar: The Semantics of Relative and Absolute Gradable Adjectives"
"119","WOS:000247997500004",49,3,2007,"Michael Weisberg","Who is a Modeler?"
"120","WOS:000248623500005",55,1,2007,"Carl F. Craver and William Bechtel","Top-Down Causation Without Top-Down Causes"
"121","WOS:000249037400024",51,1,2006,"Michael Weisberg","Robustness Analysis"
"122","WOS:000249098300003",48,2,2007,"Carl Hoefer","The Third Way on Objective Probability: A Sceptic's Guide To Objective Chance"
"123","WOS:000249103800005",163,16,2007,"Adam Elga","Reflection and Disagreement"
"124","WOS:000249408500001",46,5,2007,"Michael Glanzberg","Context, Content, and Relativism"
"125","WOS:000249658200002",67,4,2007,"Duncan Pritchard","Anti-Luck Epistemology"
"126","WOS:000249658200007",57,5,2007,"Jennifer Lackey","Why We Don't Deserve Credit for Everything We Know"
"127","WOS:000250135300002",50,4,2007,"Peter B. M. Vranas","I Ought, Therefore I Can"
"128","WOS:000250577300003",50,3,2007,"Jeremy Fantl and Matthew McGrath","On Pragmatic Encroachment in Epistemology"
"129","WOS:000250773100002",99,14,2007,"Jennifer Lackey","Norms of Assertion"
"130","WOS:000250773100004",67,7,2007,"Shaun Nichols and Joshua Knobe","Moral Responsibility and Determinism: The Cognitive Science of Folk Intuitions"
"131","WOS:000251545300007",102,11,2007,"Seth Yalcin","Epistemic Modals"
"132","WOS:000252590700006",68,8,2008,"Stacey Swain, Joshua Alexander, and Jonathan M. Weinberg","The Instability of Philosophical Intuitions: Running Hot and Cold on Truetemp"
"133","WOS:000252713500001",52,9,2008,"Ross P. Cameron","Turtles All the Way Down: Regress, Priority and Fundamentality"
"134","WOS:000252978200003",46,7,2008,"Pamela Hieronymi","Responsibility for Believing"
"135","WOS:000253187500006",54,4,2008,"Scott Sturgeon","Reason and the Grain of Belief"
"136","WOS:000255137700002",84,1,2007,"Michael Weisberg","Three Kinds of Idealization"
"137","WOS:000255667800003",77,9,2007,"Tamina Stephenson","Judge Dependence, Epistemic Modals, and Predicates of Personal Taste"
"138","WOS:000255868500001",50,5,2008,"Jessica Brown","Subject-Sensitive Invariantism and the Knowledge Norm for Practical Reasoning"
"139","WOS:000260016800004",55,6,2008,"Tamar Szabò Gendler","Alief in Action (And Reaction)"
"140","WOS:000262577100002",56,9,2009,"John MacFarlane","Nonindexical Contextualism"
"141","WOS:000262624000001",138,16,2008,"John Hawthorne and Jason Stanley","Knowledge and Action"
"142","WOS:000262624000004",115,14,2008,"Tamar Szabò Gendler","Alief and Belief"
"143","WOS:000262858900004",54,11,2008,"Michael Fara","Masked Abilities and Compatibilism"
"144","WOS:000263525300005",37,13,2009,"Mark Schroeder","Means-End Coherence, Stringency, and Subjective Reasons"
"145","WOS:000268238100003",44,12,2009,"Alex Byrne","Experience and Content"
"146","WOS:000269013700008",52,1,2009,"Alan Baker","Mathematical Explanation in Science"
"147","WOS:000272164100003",42,9,2008,"Kai Von Fintel and Anthony S. Gillies","CIA Leaks"
"148","WOS:000272164200003",55,12,2008,"Eric Schwitzgebel","The Unreliability of Naive Introspection"
"149","WOS:000272374500002",48,2,2010,"Kevin J. S. Zollman","The Epistemic Benefit of Transient Diversity"
"150","WOS:000272855000002",143,38,2010,"Jonathan Schaffer","Monism: The Priority of the Whole"
"151","WOS:000273182700004",56,6,2009,"Alison Hills","Moral Testimony and Moral Epistemology"
"152","WOS:000273550900001",57,3,2010,"A. John Simmons","Ideal and Nonideal Theory"
"153","WOS:000275147000005",57,11,2010,"Jonathan Schaffer","The Least Discerning and Most Promiscuous Truthmaker"
"154","WOS:000275530000006",51,8,2010,"David Enoch","The Epistemological Challenge To Metanormative Realism: How Best To Understand It, and How To Cope With It"
"155","WOS:000275646800002",54,6,2010,"John Turri","On the Relationship Between Propositional and Doxastic Justification"
"156","WOS:000276017100004",48,2,2010,"Hannes Leitgeb and Richard Pettigrew","An Objective Justification of Bayesianism II: The Consequences of Minimizing Inaccuracy"
"157","WOS:000276319000003",46,5,2010,"Julia Markovits","Acting for the Right Reasons"
"158","WOS:000278111100001",66,3,2010,"James Woodward","Causation in Biology: Stability, Specificity, and the Choice of Levels of Explanation"
"159","WOS:000279171200004",47,3,2010,"Jonathan M. Weinberg, Chad Gonnerman, Cameron Buckner, and Joshua Alexander","Are Philosophers Expert Intuiters?"
"160","WOS:000279407600010",64,6,2010,"David Christensen","Higher-Order Evidence"
"161","WOS:000280778100001",75,9,2010,"Niko Kolodny and John MacFarlane","Ifs and Oughts"
"162","WOS:000284854700005",61,8,2010,"Eric Schwitzgebel","Acting Contrary To Our Professed Beliefs or the Gulf Between Occurrent Judgment and Dispositional Belief"
"163","WOS:000286680600012",51,3,2010,"James M. Joyce","A Defense of Imprecise Credences in Inference and Decision Making"
"164","WOS:000286680600020",39,11,2010,"Chris Tucker","Why Open-Minded People Should Endorse Dogmatism"
"165","WOS:000287526900005",47,12,2011,"Guy Kahane","Evolutionary Debunking Arguments"
"166","WOS:000289572300004",41,11,2011,"Karen Bennett","Construction Area (No Hard Hat Required)"
"167","WOS:000289948200002",54,1,2011,"Kristie Dotson","Tracking Epistemic Violence, Tracking Practices of Silencing"
"168","WOS:000294571800007",50,2,2011,"Timothy Sundell","Disagreements About Taste"
"169","WOS:000295159700002",54,4,2011,"David J. Chalmers","Verbal Disputes"
"170","WOS:000295735100004",59,0,2011,"David Michael Kaplan and Carl F. Craver","The Explanatory Force of Dynamical and Mathematical Models in Neuroscience: A Mechanistic Perspective"
"171","WOS:000298031500001",59,0,2011,"Gualtiero Piccinini and Carl Craver","Integrating Psychology and Neuroscience: Functional Analyses as Mechanism Sketches"
"172","WOS:000298592300002",57,11,2011,"Karen Bennett","By Our Bootstraps"
"173","WOS:000298593200002",48,10,2012,"Fiona Macpherson","Cognitive Penetration of Colour Experience: Rethinking the Issue in Light of An Indirect Mechanism"
"174","WOS:000302010200002",53,3,2012,"Eric Schwitzgebel and Fiery Cushman","Expertise in Moral Reasoning? Order Effects on Moral Judgment in Professional Philosophers and Non-Philosophers"
"175","WOS:000304136000001",43,9,2012,"Susanna Siegel","Cognitive Penetrability and Perceptual Justification"
"176","WOS:000311002900002",83,11,2012,"Duncan Pritchard","Anti-Luck Virtue Epistemology"
"177","WOS:000318890500001",57,17,2012,"Paul Audi","Grounding: Toward a Theory of the In-Virtue-Of Relation"
"178","WOS:000324866000001",42,9,2013,"Louis deRosset","Grounding Explanations"
"179","WOS:000326701100003",41,9,2013,"Kelly Trogdon","Grounding: Necessary or Contingent?"
"180","WOS:000332023600001",61,4,2013,"David Plunkett and Tim Sundell","Disagreement and the Semantics of Normative and Evaluative Terms"
"181","WOS:000334424500001",51,6,2014,"Miriam Schoenfield","Permission To Believe: Why Permissivism is True and What It Tells Us About Irrelevant Influences on Belief"
"182","WOS:000337746400004",49,1,2014,"Robert W. Batterman and Collin C. Rice","Minimal Model Explanations"
"183","WOS:000344393500001",67,15,2014,"Jessica M. Wilson","No Work for a Theory of Grounding"
"184","WOS:000368189400004",45,11,2016,"Jonathan Schaffer","Grounding in the Image of Causation"
"185","WOS:A1956CEQ2500001",41,10,1956,"Willard van Orman Quine","Quantifiers and Propositional Attitudes"
"186","WOS:A1956CHJ4400001",59,2,1956,"Gottlob Frege","The Thought: A Logical Inquiry"
"187","WOS:A1957CGZ6000005",111,6,1957,"H. P. Grice","Meaning"
"188","WOS:A1958CDL1000001",77,6,1958,"G. E. M. Anscombe","Modern Moral Philosophy"
"189","WOS:A1959CGZ6600001",71,6,1959,"J. J. C. Smart","Sensations and Brain Processes"
"190","WOS:A1963CEU0700001",114,12,1963,"Donald Davidson","Actions, Reasons, and Causes"
"191","WOS:A1965CGZ7300005",87,14,1965,"Paul Benacerraf","What Numbers Could Not Be"
"192","WOS:A1965CGZ7300007",64,8,1965,"Gilbert Harman","The Inference To the Best Explanation"
"193","WOS:A1965CGZ7600002",44,6,1965,"Peter T. Geach","Assertion"
"194","WOS:A1966ZC83800001",104,14,1966,"Keith S. Donnellan","Reference and Definite Descriptions"
"195","WOS:A1967ZC33900001",44,8,1967,"Alvin I. Goldman","A Causal Theory of Knowing"
"196","WOS:A1968ZE29500001",77,7,1968,"David Lewis","Counterpart Theory and Quantified Modal Logic"
"197","WOS:A1968ZE30900001",52,4,1968,"Sydney Shoemaker","Self-Reference and Self-Awareness"
"198","WOS:A1969Y444700002",210,39,1969,"Harry G. Frankfurt","Alternate Possibilities and Moral Responsibility"
"199","WOS:A1970Y384700002",83,1,1970,"Kendall L. Walton","Categories of Art"
"200","WOS:A1970ZE32700001",82,13,1970,"David Lewis","How To Define Theoretical Terms"
"201","WOS:A1970ZE33800001",125,23,1970,"Fred Dretske","Epistemic Operators"
"202","WOS:A1971Y036400001",49,3,1971,"Derek Parfit","Personal Identity"
"203","WOS:A1971Y116900003",94,1,1971,"Judith Jarvis Thomson","A Defense of Abortion"
"204","WOS:A1972N845400002",54,12,1972,"Philippa Foot","Morality as a System of Hypothetical Imperatives"
"205","WOS:A1972Z066400001",197,9,1972,"Peter Singer","Famine, Affluence, and Morality"
"206","WOS:A1973P242100001",64,3,1973,"Larry Wright","Functions"
"207","WOS:A1974U469700001",234,24,1974,"Thomas Nagel","What is It Like To Be a Bat"
"208","WOS:A1975AU08300005",48,8,1975,"Allan Gibbard","Contingent Identity"
"209","WOS:A1975BF60000005",149,5,1975,"Saul Kripke","Outline of a Theory of Truth"
"210","WOS:A1975BF60100001",117,7,1975,"Robert Cummins","Functional Analysis"
"211","WOS:A1975LD17700007",59,5,1975,"Robert C. Stalnaker","Indicative Conditionals"
"212","WOS:A1975W282300001",82,14,1975,"Gary Watson","Free Agency"
"213","WOS:A1976BF01500006",62,7,1976,"David Lewis","Paradoxes of Time Travel"
"214","WOS:A1976BZ95100001",77,5,1976,"David Lewis","Probabilities of Conditionals and Conditional Probabilities"
"215","WOS:A1976CP00100001",130,22,1976,"Alvin I. Goldman","Discrimination and Perceptual Knowledge"
"216","WOS:A1977DN52600007",53,7,1977,"Fred Dretske","Laws of Nature"
"217","WOS:A1977DX39800001",50,5,1977,"John M. Taurek","Should the Numbers Count?"
"218","WOS:A1977EA01800002",53,5,1977,"John Perry","Frege on Demonstratives"
"219","WOS:A1977EA35800003",92,5,1977,"Stephen L. Darwall","Two Kinds of Respect"
"220","WOS:A1977EQ83600001",56,6,1977,"Michael Tooley","Nature of Laws"
"221","WOS:A1977ES93500003",60,2,1977,"Christopher Boorse","Health as a Theoretical Concept"
"222","WOS:A1978ER30500004",72,5,1978,"David Lewis","Truth in Fiction"
"223","WOS:A1979GF70700001",47,7,1979,"Robert Merrihew Adams","Primitive Thisness and Primitive Identity"
"224","WOS:A1979GW33200004",85,3,1979,"Graham Priest","The Logic of Paradox"
"225","WOS:A1979HE39600001",144,12,1979,"John Perry","The Problem of the Essential Indexical"
"226","WOS:A1979HJ57600007",134,16,1979,"David Lewis","Scorekeeping in a Language Game"
"227","WOS:A1979HY94200003",54,5,1979,"Michael Stocker","Desiring the Bad: Essay in Moral Psychology"
"228","WOS:A1979JB14500003",124,26,1979,"David Lewis","Counterfactual Dependence and Time's Arrow"
"229","WOS:A1979JC64200001",162,21,1979,"David Lewis","Attitudes De Dicto and De Se"
"230","WOS:A1979JT33600005",79,6,1979,"John McDowell","Virtue and Reason"
"231","WOS:A1980KH88100001",51,3,1980,"John Rawls","Kantian Constructivism in Moral Theory"
"232","WOS:A1981LD54600001",82,5,1981,"Paul M. Churchland","Eliminative Materialism and the Propositional Attitudes"
"233","WOS:A1981LH67300001",67,2,1981,"Jon Barwise and Robin Cooper","Generalized Quantifiers and Natural-Language"
"234","WOS:A1981LW58400001",62,2,1981,"David Lewis","Causal Decision Theory"
"235","WOS:A1981LY92900002",119,1,1981,"Larry Laudan","A Confutation of Convergent Realism"
"236","WOS:A1981MH21100001",63,2,1981,"Ronald Dworkin","What is Equality? Part 2: Equality of Resources"
"237","WOS:A1981NA08400001",103,3,1981,"Philip Kitcher","Explanatory Unification"
"238","WOS:A1982NH65300003",164,27,1982,"Frank Jackson","Epiphenomenal Qualia"
"239","WOS:A1982NS00700005",52,4,1982,"Elizabeth W. Prior, Robert Pargetter, and Frank Jackson","Three Theses About Dispositions"
"240","WOS:A1982PB73200001",47,10,1982,"Susan Wolf","Moral Saints"
"241","WOS:A1983PX89100011",67,9,1983,"Gregory S. Kavka","The Toxin Puzzle"
"242","WOS:A1983QN98800001",57,9,1983,"Christine M. Korsgaard","Two Distinctions in Goodness"
"243","WOS:A1983RR51600001",290,39,1983,"David Lewis","New Work for a Theory of Universals"
"244","WOS:A1983SU49200007",95,7,1983,"Joseph Levine","Materialism and Qualia: The Explanatory Gap"
"245","WOS:A1984SH40600002",75,7,1984,"Peter Railton","Alienation, Consequentialism, and the Demands of Morality"
"246","WOS:A1984SS95000001",77,11,1984,"Bas C. van Fraassen","Belief and the Will"
"247","WOS:A1984TE24500002",69,7,1984,"George Boolos","To Be is To Be a Value of a Variable (Or To Be Some Values of Some Variables)"
"248","WOS:A1984TN86300001",68,16,1984,"Stewart Cohen","Justification and Truth"
"249","WOS:A1984TQ70900001",82,14,1984,"David Lewis","Putnam's Paradox"
"250","WOS:A1985AKA2200025",124,0,1985,"Carlos E. Alchourrón, Peter Gärdenfors, and David Makinson","On the Logic of Theory Change: Partial Meet Contraction and Revision Functions"
"251","WOS:A1985ALK4200001",63,0,1985,"John Hardwig","Epistemic Dependence"
"252","WOS:A1985ANT6600002",74,16,1985,"Richard Feldman and Earl Conee","Evidentialism"
"253","WOS:A1985AQZ7400002",58,6,1985,"Vann McGee","A Counterexample To Modus Ponens"
"254","WOS:A1985ARQ5600003",71,2,1985,"Ernan McMullin","Galilean Idealization"
"255","WOS:A1986AYQ1300001",74,8,1986,"Christine M. Korsgaard","Skepticism About Practical Reason"
"256","WOS:A1986AYY3900001",55,3,1986,"Annette Baier","Trust and Antitrust"
"257","WOS:A1986C044900001",75,18,1986,"Peter Railton","Moral Realism"
"258","WOS:A1986C044900003",53,8,1986,"Frank Jackson and Robert Pargetter","Oughts, Options, and Actualism"
"259","WOS:A1987F993300003",48,9,1987,"Michael Smith","The Humean Theory of Motivation"
"260","WOS:A1988M958800004",55,0,1988,"Adam Grove","Two Modelings for Theory Change"
"261","WOS:A1988N938600001",65,1,1988,"James Bogen and James Woodward","Saving the Phenomena"
"262","WOS:A1989AA09400006",68,3,1989,"Ruth Garrett Millikan","In Defense of Proper Functions"
"263","WOS:A1989AE70300010",107,4,1989,"G. A. Cohen","On the Currency of Egalitarian Justice"
"264","WOS:A1989T231400005",53,10,1989,"Paul A. Boghossian and J. David Velleman","Color as a Secondary Quality"
"265","WOS:A1989U808000004",57,3,1989,"Richard J. Arneson","Equality and Equal Opportunity for Welfare"
"266","WOS:A1989U850300001",52,9,1989,"Ruth Garrett Millikan","Biosemantics"
"267","WOS:A1990CH71200001",70,3,1990,"Philip Kitcher","The Division of Cognitive Labor"
"268","WOS:A1990CR32400008",47,6,1990,"Frank Jackson and Philip Pettit","Program Explanation: A General Perspective"
"269","WOS:A1990EK23400001",46,4,1990,"Jamie Dreier","Internalism and Speaker Relativism"
"270","WOS:A1991EN62900002",63,6,1991,"Daniel C. Dennett","Real Patterns"
"271","WOS:A1991EV09800002",50,5,1991,"Jeroen Groenendijk and Martin Stokhof","Dynamic Predicate Logic"
"272","WOS:A1991FC38500010",64,4,1991,"Richard Boyd","Realism, Anti-foundationalism and the Enthusiasm for Natural Kinds"
"273","WOS:A1991FK52800001",74,6,1991,"Frank Jackson","Decision-theoretic Consequentialism and the Nearest and Dearest Objection"
"274","WOS:A1991FQ15000002",69,4,1991,"Karen Neander","Functions as Selected Effects: The Conceptual Analyst's Defense"
"275","WOS:A1991GL32100002",55,9,1991,"Keith DeRose","Epistemic Possibilities"
"276","WOS:A1991GR79400001",59,2,1991,"Judith Jarvis Thomson","Self-Defense"
"277","WOS:A1991GR87800001",52,0,1991,"John Hardwig","The Role of Trust in Knowledge"
"278","WOS:A1992JA62400001",106,17,1992,"Stephen Yablo","Mental Causation"
"279","WOS:A1992JA62400003",47,3,1992,"Michael E. Bratman","Shared Cooperative Activity"
"280","WOS:A1992KB29500008",101,14,1992,"Keith DeRose","Contextualism and Knowledge Attributions"
"281","WOS:A1992KC39800002",107,25,1992,"Mark Johnston","How To Speak of the Colors"
"282","WOS:A1993KQ63200001",58,11,1993,"Stephen Yablo","Is Conceivability a Guide To Possibility"
"283","WOS:A1993ML38000001",119,9,1993,"Tyler Burge","Content Preservation"
"284","WOS:A1994MT56900001",73,16,1994,"C. B. Martin","Dispositions and Conditionals"
"285","WOS:A1994NQ78600001",57,2,1994,"Malcom Forster and Elliot Sober","How To Tell When Simpler, More Unified, or Less _Ad Hoc_ Theories Will Provide More Accurate Predictions"
"286","WOS:A1994PM10400005",116,22,1994,"David Lewis","Humean Supervenience Debugged"
"287","WOS:A1995QX94800001",84,12,1995,"Dorothy Edgington","On Conditionals"
"288","WOS:A1995RC31600001",122,10,1995,"Keith DeRose","Solving the Skeptical Problem"
"289","WOS:A1996UV93000001",69,4,1996,"Frank Veltman","Defaults in Update Semantics"
"290","WOS:A1996VL52500002",54,4,1996,"Karen Jones","Trust as An Affective Attitude"
"291","WOS:A1996VY21200001",194,36,1996,"David Lewis","Elusive Knowledge"
"292","WOS:A1996XR76100003",58,10,1996,"Timothy Williamson","Knowing and Asserting"
"293","WOS:A1997WP33800001",86,27,1997,"David Lewis","Finkish Dispositions"
